{"cameraMode":{"drawMode":0,"name":"Shaded","section":"Shading Mode"},"sceneLighting":true,"audioPlay":false,"sceneViewState":{"showFog":true,"showMaterialUpdate":false,"showSkybox":true,"showFlares":true,"showImageEffects":true,"showParticleSystems":true},"in2DMode":false,"pivot":{"x":0.12871885299682618,"y":4.889654159545898,"z":3.3479537963867189},"rotation":{"x":0.11969592422246933,"y":0.01638060249388218,"z":-0.001975162187591195,"w":0.9926736354827881},"size":78.26557159423828,"orthographic":false}